chain_0,chain_1,chain_2,chain_3
[18.86947  20.35121  27.929586 ... 21.117022 19.338717 18.829493],[26.373991 28.106333 25.367037 ... 16.97407  16.97407  20.646242],[24.210867 17.036093 18.10586  ... 28.730822 29.737562 29.012388],[28.775667 24.613451 17.715532 ... 29.564833 29.044321 28.923426]
[0.2270856  0.27878967 0.43204284 ... 0.33153024 0.27768478 0.38727853],[0.36380205 0.25509906 0.2621351  ... 0.35416174 0.35416174 0.34737003],[0.32595745 0.2551546  0.2732822  ... 0.34142157 0.2738572  0.22510064],[0.27052155 0.27420658 0.28636524 ... 0.26979467 0.23552552 0.21712913]
