chain_0,chain_1,chain_2,chain_3
"[-0.19141752 -0.2154595  -0.2120817  ... -0.21008934 -0.2050161
 -0.17387082]","[-0.2305173  -0.22697935 -0.22384247 ... -0.2090695  -0.21432729
 -0.20811819]","[-0.21575814 -0.21794246 -0.20981494 ... -0.25501814 -0.19789161
 -0.1874102 ]","[-0.24123947 -0.20964363 -0.22040816 ... -0.23426914 -0.19940649
 -0.2364852 ]"
[0.15349436 0.16644418 0.19669428 ... 0.16558297 0.15166265 0.13649508],[0.17826259 0.17984994 0.17934814 ... 0.19762765 0.17590047 0.17102471],[0.18016955 0.17249167 0.18460138 ... 0.20687363 0.16711353 0.19186927],[0.1882037  0.19364771 0.18274242 ... 0.16604845 0.16358191 0.18513209]
